index,Status,PDF Page,Account,Fund,Department,Line Item,Type,2027 Requested,2027 Approved,2026 Budget,2026 YTD,% Used,2025 Actual,2024 Actual,OCR Source Line
0,Verified,3,010-306-103,General Fund,Justice Of Peace,LOCAL CCC 01-01-2020,Revenue,22500.0,,10000,27630.31,276.3,21833.92,8398.95,"2027 010-306-103 LOCAL CCC 01-01-2020 22,500.00 10,000.00 27,630.31 276.30 21,833.92 8,398.95"
1,Verified,13,010-435-103,General Fund,District Clerk's Office,P/T DEPUTY,Expenditure,,,4000,0.0,0.0,0.0,0.0,"2027 010-435-103 P/T DEPUTY 4,000.00 00.00 00 00"
2,Verified,13,010-435-183,General Fund,District Clerk's Office,LANGUAGE SKILLS PAY,Expenditure,,,1500,0.0,0.0,1500.0,600.08,"2027 010-435-183 LANGUAGE SKILLS PAY 1,500.00 00.00 ‘1,500.00 600.08"
3,Verified,13,010-435-208,General Fund,District Clerk's Office,MISC TRAVEL & MEAL,Expenditure,100.0,,100,0.0,0.0,0.0,0.0,2027 010-435-208 MISC TRAVEL & MEAL 100.00 100.00 00.00 00 00
4,Verified,14,010-455-915,General Fund,Justice of the Peace,POSTAGE,Expenditure,700.0,,700,1106.74,158.11,515.9,376.88,"2027 010-455-915 POSTAGE 700.00 700.00 1,106.74 168.11 515.90 376.88"
5,Verified,22,010-510-604,General Fund,County Building Maintenance,TELEPHONE,Expenditure,250.0,,250,0.0,0.0,82.48,247.44,2027 010-510-604 TELEPHONE 250.00 250.00 00.00 82.48 247.44
6,Verified,22,010-510-697,General Fund,County Building Maintenance,TOTAL,Expenditure,250.0,,250,0.0,0.0,82.48,247.44,"2027 010-510-697 TOTAL 250,00 250.00 00.00 82.48 247.44"
7,Corrected,45,014-624-103,Road & Bridge Precinct 4,Precinct 4,COMMISSIONER SALARY,Expenditure,67977.0,,64740,62250.0,96.15,61657.0,58721.0,"2027 014-624-103 COMMISSIONER SALARY 67,977.00 64,740.00 62,250.00 996.15 61,657.00 58,721.00"
8,Verified,46,014-624-897,Road & Bridge Precinct 4,Precinct 4,TOTAL EQUIPMENT/CAPITAL OU,Expenditure,199000.0,,199000,1166.96,0.59,117963.83,25487.58,"2027 014-624-897 TOTAL EQUIPMENT/CAPITAL OU 199,000.00 199 000.00 1,166.96 -59 117,963.83 25,487.58"
9,Verified,47,015-304-201,Road & Bridge,Road & Brioge Income Acc,COUNTY SPECIAL AD VALOR 1409.096.00,Revenue,1409096.0,,1543006,1238579.8,80.27,1356683.71,1262804.44,"2027 015-304-201 COUNTY SPECIAL AD VALOR 1409.096.00 1543,006.00 128,579.80 80.27 1956,683.71 1262,804.44"
10,Corrected,49,016-300-000,Road & Bridge Heavy Equipment,R&B Heavy Equipment,R&B HEAVY EQUIPMENT INCOM,Revenue,,,0,0.0,0.0,0.0,0.0,2027 016-300-000 R&B HEAVY EQUIPMENT INCOM 00 00.00 00 oo
11,Corrected,50,016-625-000,Road & Bridge Heavy Equipment,R&B Heavy Equipment Expen,R&B HEAVY EQUIPMENT EXPEN,Expenditure,,,0,0.0,0.0,0.0,0.0,2027 016-625-000 R&B HEAVY EQUIPMENT EXPEN 00 00.00 00 1)
12,Verified,50,016-625-307,Road & Bridge Heavy Equipment,R&B Heavy Equipment Expen,MISC. EXPENSE,Expenditure,,,0,0.0,0.0,0.0,0.0,2027 016-625-307 MISC. EXPENSE 09 00.00 00 00
13,Verified,51,019-399-999,Disaster Relief Fund,Dept 399,DISASTER RELIEF ACTUAL REVEN,Revenue,500.0,,0,301.45,0.0,458.17,2122.65,"2027 019-399-999 DISASTER RELIEF ACTUAL REVEN 500.00 00 3901.45.00 458.17 2,122.65"
14,Verified,52,019-500-997,Disaster Relief Fund,Disaster Relief Fund Expense,TOTAL DISASTER RELIEF EXPENS,Expenditure,0.0,,0,0.0,0.0,0.0,106317.87,"2027 019-500-997 TOTAL DISASTER RELIEF EXPENS 00 00.00 00 106,317.87"
15,Verified,54,020-500-997,Coronavirus Fiscal Recovery,Dept 500,TOTAL CORONAVIRUS FRF EXPENSE,Expenditure,,,0,0.0,0.0,996731.0,169573.71,"2027 020-500-997 TOTAL CORONAVIRUS FRF EXPENS 00 00.00 996,731.00 169,873.71"
16,Corrected,54,020-500-100,Coronavirus Fiscal Recovery,Dept 500,CORONAVIRUS FRF DISTRIBUTION,Expenditure,,,0,0.0,0.0,996731.0,169573.71,"2027 020-600-100 CORONAVIRUS FRF DISTRIBUTION 09 00.00 996.731.00 169,573.71"
17,Verified,54,020-999-999,Coronavirus Fiscal Recovery,Dept 999,TOTAL CORONAVIRUS FRF EXPEND,Expenditure,,,0,0.0,0.0,996731.0,169573.71,"2027 020-999-999 TOTAL CORONAVIRUS FRF EXPEND 00 00.00 996,731.00 169,573.71"
18,Verified,56,022-300-210,CTIF,Ctif,CTIF GRANT,Revenue,,,0,0.0,0.0,0.0,40850.94,"2027 022-300-210 CTIF GRANT 00 00.00 00 40,850.94"
19,Verified,56,022-300-297,CTIF,Ctif,INCOME TOTAL,Revenue,,,0,0.0,0.0,0.0,40850.94,"2027 022-300-297 INCOME TOTAL 00 00.00 -00 40,850.94"
20,Verified,56,022-399-999,CTIF,Dept 399,ACTUAL REVENUE,Revenue,,,0,0.0,0.0,0.0,40850.94,"2027 022-399-999 ACTUAL REVENUE 00 00.00 00 40,850.94"
21,Corrected,57,022-627-998,CTIF,Ctif Expense,CTIF EXPENDITURES,Expenditure,,,0,0.0,0.0,0.0,21060.11,"2027 022-627-998 CTIF EXPENDITURES 00 00.00 00 21,060.22"
22,Verified,60,024-301-900,Grant Fund,Web,GRANT INCOME,Revenue,,,0,0.0,0.0,0.0,66054.36,"2027 024-301-900 GRANT INCOME 00 00.00 00 66,054.36"
23,Corrected,60,024-302-997,Grant Fund,Juv Eq Therapy,GRANT#4859701 TOTAL INCOME,Revenue,,,0,0.0,0.0,0.0,32742.93,"2027 024-302-997 GRANTH 4859701 TOTAL INCOME 00 00.00 00 32,742.93"
24,Verified,60,024-303-000,Grant Fund,Hs,HS GRANT#5086101 INCOME,Revenue,,,0,0.0,0.0,0.0,32742.93,"2027 024-303-000 HS GRANT#5086101 INCOME 00 00.00 00 32,742.93"
25,Verified,62,024-401-702,Grant Fund,Web Eoc Grant#4845801 Expens,SERVICE AGREEMENTS,Expenditure,,,0,0.0,0.0,0.0,79804.36,"2027 024-401-702 SERVICE AGREEMENTS 00 00.00 00 79,804.36"
26,Verified,62,024-401-998,Grant Fund,Web Eoc Grant#4845801 Expens,GRANT#4845801 TOTAL EXPENSES,Expenditure,,,0,0.0,0.0,0.0,79804.36,"2027 024-401-998 GRANT#4845801 TOTAL EXPENSES 00 00.00 00 79,804.36"
27,Verified,63,024-402-302,Grant Fund,Juv Eq Therapy 4859701 Expen,LICENSED COUNSELOR,Expenditure,,,0,0.0,0.0,0.0,7020.0,"2027 024-402-302 LICENSED COUNSELOR 00 00.00 00 7,020.00"
28,Verified,63,024-402-303,Grant Fund,Juv Eq Therapy 4859701 Expen,EQUINE SPECIALIST,Expenditure,,,0,0.0,0.0,0.0,9990.0,"2027 024-402-303 EQUINE SPECIALIST 00 00.00 00 9,990.00"
29,Verified,63,024-402-603,Grant Fund,Juv Eq Therapy 4859701 Expen,ELECTRICITY,Expenditure,,,0,0.0,0.0,0.0,4500.0,"2027 024-402-603 ELECTRICITY 00 00.00 00 4,500.00"
30,Verified,63,024-402-901,Grant Fund,Juv Eq Therapy 4859701 Expen,PROJECT SUPPLIES,Expenditure,,,0,0.0,0.0,0.0,2831.0,"2027 024-402-901 PROJECT SUPPLIES 00 00.00 002,831.00"
31,Verified,63,024-402-902,Grant Fund,Juv Eq Therapy 4859701 Expen,PRESENTATION/TRAINING SUPPLI,Expenditure,,,0,0.0,0.0,0.0,8401.93,"2027 024-402-902 PRESENTATION/TRAINING SUPPLI 00 00.00 008,401.93"
32,Verified,63,024-402-998,Grant Fund,Juv Eq Therapy 4859701 Expen,GRANT#4859701 TOTAL EXPENSES,Expenditure,,,0,0.0,0.0,0.0,32742.93,"2027 024-402-998 GRANT#4859701 TOTAL EXPENSES 00 00.00 00 32,742.93"
33,Verified,64,024-403-803,Grant Fund,Hs Grant#5086101 Expense,EQUIPMENT,Expenditure,,,0,0.0,0.0,102250.0,0.0,2027 024-403-803 EQUIPMENT 00 00.00 102.250.00 00
34,Verified,65,024-404-998,Grant Fund,Balistic Vest 5463501 Expens,GRANT #5463501 TOTAL EXPENSE,Expenditure,,,0,1281.0,0.0,102250.0,0.0,"2027 024-404-998 GRANT #5463501 TOTAL EXPENSE 001,281.00 00 102,250.00 00"
35,Verified,67,024-999-999,Grant Fund,Dept 999,TOTAL EXPENDITURES,Expenditure,,,0,8626.0,0.0,102250.0,112547.29,"2027 024-999-999 TOTAL EXPENDITURES 008,626.00 00 102,250.00 112,547.29"
36,Verified,72,026-629-506,Lateral Road Fund,Lateral Road Expenses,MISCELLANEOUS MATERIAL,Expenditure,10000.0,,12000,3000.0,25.0,10913.36,10433.06,"2027 026-629-506 MISCELLANEOUS MATERIAL 10,000.00 12,000.00 3.00.00 25.00 10.913.36 10,433.06"
37,Corrected,72,026-629-597,Lateral Road Fund,Lateral Road Expenses,TOTAL CONSTRUCTION,Expenditure,10000.0,,12000,3000.0,25.0,10913.36,10433.06,"2027 026-629-597 TOTAL CONSTRUCTION 10.00.00 12,000.00 3.00.00 25.00 10.913.36 10,433.06"
38,Verified,72,026-629-806,Lateral Road Fund,Lateral Road Expenses,RIGHT OF WAYS,Expenditure,,,0,0.0,0.0,0.0,102125.0,"2027 026-629-806 RIGHT OF WAYS 00 00.00 00 102,125.00"
39,Verified,72,026-629-897,Lateral Road Fund,Lateral Road Expenses,TOTAL CAPITAL OUTLAY,Expenditure,,,0,0.0,0.0,0.0,102125.0,"2027 026-629-897 TOTAL CAPITAL OUTLAY 00 00.00 00 102,125.00"
40,Verified,72,026-999-999,Lateral Road Fund,Dept 999,TOTAL EXPENDITURES,Expenditure,10000.0,,12000,3000.0,25.0,10913.36,112558.06,"2027 026-999-999 TOTAL EXPENDITURES 10,000.00 12,000.00 3.00.00 25.00 10.913.36 112,558.06"
41,Verified,75,034-305-906,Court Facility Fee Fund,Dept 305,DIST CLERK COURT FACILITY FE,Revenue,2000.0,,2000,2327.41,116.37,2654.95,2200.0,"2027 034-305-906 DIST CLERK COURT FACILITY FE 2.00.00 2,000.00 2,927.41 116.37 2,654.95 2,200.00"
42,Verified,79,037-306-906,Language Access Fund,Dept 306,JP LANGUAGE ACCESS FEE,Revenue,350.0,,350,390.0,111.43,540.0,360.0,2027 037-306-906 JP LANGUAGE ACCESS FEE 350.00 360.00 390.00. 111.43 540.00 360.00
43,Corrected,82,071-305-000,Appellate Judicial System,Appellate Judicial System,APPELLATE JUDICIAL SYSTEM,Revenue,,,0,0.0,0.0,0.0,0.0,2027 071-305-000 APPELLATE JUDICIAL SYSTEM 00 00.00 09 00
44,Verified,82,071-305-206,Appellate Judicial System,Appellate Judicial System,DISTRICT COURT APPELLATE,Revenue,400.0,,400,565.71,141.43,704.28,550.0,2027 071-305-206 DISTRICT COURT APPELLATE 400.00 400.00 $65.71 141.43 704.28 $50.00
45,Verified,83,071-400-000,Appellate Judicial System,2Nd Court Criminal Appeal,2ND COURT CRIMINAL APPEAL,Expenditure,,,0,0.0,0.0,0.0,0.0,2027 071-400-000 2ND COURT CRIMINAL APPEAL 7) 00.00 00 00
46,Verified,84,072-303-000,County Court Record Tech,Records Technology (Archiv,RECORDS TECHNOLOGY (ARCHIV,Revenue,,,0,0.0,0.0,0.0,0.0,2027 072-303-000 RECORDS TECHNOLOGY (ARCHIV 00 00.00 7) 00
47,Verified,94,076-399-999,County Jury Fund,Dept 399,ACTUAL REVENUE,Revenue,,,0,0.0,0.0,0.0,0.0,2027 076-399-999 ACTUAL REVENUE 00 00.00 00 7)
48,Verified,95,077-306-999,County Specialty Court Fund,Jp Specialty Court Income 00 00.00 I),JP SPECIALTY CRT INCOME TOTA,Revenue,,,0,0.0,0.0,0.0,0.0,2027 077-306-999 JP SPECIALTY CRT INCOME TOTA 00 00.00 7) 00
49,Verified,95,077-399-999,County Specialty Court Fund,Dept 399,ACTUAL REVENUE,Revenue,,,0,0.0,0.0,0.0,0.0,2027 077-399-999 ACTUAL REVENUE 00 00.00 09 00
50,Verified,95,077-999-999,County Specialty Court Fund,Dept 999,TOTAL EXPENDITURES,Expenditure,,,0,0.0,0.0,0.0,0.0,"2027 077-999-999 TOTAL EXPENDITURES, 00 00.00 7) 00"
51,Verified,96,078-305-999,County Clerk RHBP Fund,District Clerk Rm&P Fund,DISTRICT CLERK RM&P TOTAL,Revenue,,,0,0.0,0.0,0.0,0.0,"2027 078-305-999 DISTRICT CLERK RM&P TOTAL, 00 00.00 09 00"
52,Verified,97,078-999-999,County Clerk RHBP Fund,Dept 999,TOTAL EXPENDITURES,Expenditure,40000.0,,40000,567.92,1.42,50566.48,1200.0,"2027 078-999-999 TOTAL EXPENDITURES 40,000.00 40.00.00 967.92 1.42 50,566.48 1,200.00"
53,Verified,100,080-303-903,Records Preservation Fund,Records Preservation Fee,CO CLK RECORD PRESERVATIO,Revenue,10.0,,10,0.0,0.0,0.0,0.0,2027 080-303-903 CO CLK RECORD PRESERVATIO 10.00 10.00 00.00 00 00
54,Verified,100,080-303-997,Records Preservation Fund,Records Preservation Fee,CO CLERK RECORD PRESERVATION,Revenue,10.0,,10,0.0,0.0,0.0,0.0,2027 080-303-997 CO CLERK RECORD PRESERVATION 10.00 10.00 00.00 00 00
55,Verified,100,080-305-903,Records Preservation Fund,Records Preservation Fee,DIST CLK RECORD PRESERVATION,Revenue,100.0,,100,0.0,0.0,0.0,50.0,2027 080-305-903 DIST CLK RECORD PRESERVATION 100.00 100.00 00.00 00 50.00
56,Verified,100,080-305-997,Records Preservation Fund,Records Preservation Fee,DIST CLK RECORD PRESERVATION,Revenue,100.0,,100,0.0,0.0,0.0,50.0,2027 080-305-997 DIST CLK RECORD PRESERVATION 100.00 100.00 00.00 00 50.00
57,Verified,100,080-399-999,Records Preservation Fund,Dept 399,ACTUAL REVENUE,Revenue,110.0,,110,0.0,0.0,0.0,50.0,2027 080-399-999 ACTUAL REVENUE 110.00 110.00 00.00 00 50.00
58,Verified,102,080-405-998,Records Preservation Fund,Dist Clk Record Preservat,EXPENDITURES,Expenditure,,,0,0.0,0.0,0.0,0.0,2027 080-405-998 EXPENDITURES 00 00.00 00 i)
59,Verified,102,080-600-998,Records Preservation Fund,Dist Clk Record Preservat,EXPENDITURES,Expenditure,,,0,0.0,0.0,0.0,0.0,2027 080-600-998 EXPENDITURES 00 00.00 00 i)
60,Verified,103,081-301-000,Jack Co. Work Program,Dept 301,C.C.P. INCOME ACCOUNTS,Revenue,,,100000,0.0,0.0,0.0,0.0,"2027 081-301-000 C.C.P. INCOME ACCOUNTS 100,000.00 00.00 00 00"
61,Verified,103,081-301-697,Jack Co. Work Program,Dept 301,STATE REVENUE TOTAL,Revenue,,,100000,0.0,0.0,0.0,0.0,2027 081-301-697 STATE REVENUE TOTAL 100.000.00 00.00 00 00
62,Verified,103,081-399-999,Jack Co. Work Program,Dept 399,ACTUAL REVENUE,Revenue,,,100000,0.0,0.0,0.0,0.0,"2027 081-399-999 ACTUAL REVENUE 100,000.00 00.00 00 00"
63,Verified,104,081-601-197,Jack Co. Work Program,C.C.P. Expenses,TOTAL SALARIES,Expenditure,67500.0,,62992,58706.29,93.2,0.0,0.0,"2027 081-601-197 TOTAL SALARIES 67,500.00 62,992.00 $8,706.29 93.20 00 00"
64,Verified,104,081-601-204,Jack Co. Work Program,C.C.P. Expenses,UNEMPLOYMENT INSURANCE,Expenditure,,,500,0.0,0.0,0.0,0.0,2027 081-601-204 UNEMPLOYMENT INSURANCE 500.00 00.00 ) 7)
65,Verified,104,081-601-205,Jack Co. Work Program,C.C.P. Expenses,WORKERS COMP INSURANCE,Expenditure,,,600,0.0,0.0,0.0,0.0,2027 081-601-205 WORKERS COMP INSURANCE 600.00 00.00 ) 00
66,Verified,104,081-601-600,Jack Co. Work Program,C.C.P. Expenses,SUPPLIES/OPERATING EXPENSE,Expenditure,15000.0,,5000,0.0,0.0,0.0,0.0,"2027 081-601-600 SUPPLIES/OPERATING EXPENSE 15,000.00 5,000.00 00.00 00 00"
67,Verified,104,081-601-998,Jack Co. Work Program,C.C.P. Expenses,JACK CO WORK PRG EXPENDITURE,Expenditure,136672.19,,104492,96507.29,92.36,0.0,0.0,"2027 081-601-998 JACK CO WORK PRG EXPENDITURE 136,672.19 104,492.00 96,507.29 92.36 ) 00"
68,Verified,104,081-999-999,Jack Co. Work Program,Jack Co Work Prg,TOTAL EXPENDITURES,Expenditure,136672.19,,104492,96507.29,92.36,0.0,0.0,"2027 081-999-999 TOTAL EXPENDITURES 136,672.19 104,492.00 96.07.29 92.36 00 00"
69,Corrected,107,083-300-997,CARES Act Grant,Cares Act Grant Income,TOTAL CARES ACT GRANT INCOME,Revenue,,,0,0.0,0.0,0.0,0.0,2027 083-300-997 TOTAL CARES ACT GRANT INCOME i) 00.00 1) 00
70,Verified,109,083-501-207,CARES Act Grant,Emg Manag,SCHOOL/CONFERENCE,Expenditure,,,0,0.0,0.0,0.0,0.0,2027 083-501-207 SCHOOL/CONFERENCE 00 00.00 00 09
71,Verified,109,083-501-313,CARES Act Grant,Emg Manag,FURNITURE/EQUIPMENT,Expenditure,,,0,0.0,0.0,0.0,0.0,2027 083-501-313 FURNITURE/EQUIPMENT 00 00.00 1) 00
72,Verified,109,083-501-403,CARES Act Grant,Emg Manag,COMMUNICATION TOWER INSURA,Expenditure,,,0,0.0,0.0,0.0,0.0,2027 083-501-403 COMMUNICATION TOWER  INSURA 7) 00.00 00 00
73,Corrected,109,083-501-604,CARES Act Grant,Emg Manag,TELEPHONE,Expenditure,,,0,0.0,0.0,0.0,0.0,2027 083-501-604 TELEPHONE 7) 00.00 00 00
74,Verified,109,083-501-912,CARES Act Grant,Emg Manag,RADIO/COMMUNICATION,Expenditure,,,0,0.0,0.0,0.0,0.0,2027 083-501-912 RADIO/COMMUNICATION 09 00.00 7) 00
75,Verified,109,083-999-999,CARES Act Grant,Emergency Mngt.,TOTAL CARES ACT EXPENDITURES,Expenditure,,,0,0.0,0.0,0.0,0.0,2027 083-999-999 TOTAL CARES ACT EXPENDITURES 00 00.00 00 oo
76,Verified,111,084-516-301,Courthouse Renovation Fund,Courthouse Renovation Expe,ARCHITECT,Expenditure,,,0,0.0,0.0,0.0,0.0,2027 084-516-301 ARCHITECT 09 00.00 00 00
77,Verified,111,084-516-305,Courthouse Renovation Fund,Courthouse Renovation Expe,AUDIT EXPENSE,Expenditure,,,0,0.0,0.0,0.0,0.0,2027 084-516-305 AUDIT EXPENSE 00 00.00 00 09
78,Verified,113,085-516-200,Courthouse Renovation II,Crt Renov,CERTIFICATES OF OBLIGATION,Expenditure,,,0,0.0,0.0,0.0,0.0,2027 085-516-200 CERTIFICATES OF OBLIGATION 00 00.00 09 00
79,Verified,113,085-516-300,Courthouse Renovation II,Crt Renov,ADMINISTRATION FEES,Expenditure,,,0,0.0,0.0,0.0,0.0,2027 085-516-300 ADMINISTRATION FEES 00 00.00 09 00
80,Verified,114,086-300-302,Unclaimed Property Account,Unclaimed,INMATE TRUST STALE,Revenue,,,100,0.0,0.0,0.0,0.0,2027 086-300-302 INMATE TRUST STALE 100.00 00.00 00 00
81,Corrected,114,086-300-303,Unclaimed Property Account,Unclaimed,COUNTY CLERK STALE,Revenue,,,0,0.0,0.0,0.0,0.0,2027 086-300-303 COUNTY CLERK STALE i) oo 00 00 7)
82,Verified,114,086-300-307,Unclaimed Property Account,Unclaimed,COUNTY TREASURER STALE,Revenue,,,750,0.0,0.0,0.0,0.0,2027 086-300-307 COUNTY TREASURER STALE 750.00 00.00 00 00
83,Verified,114,086-300-308,Unclaimed Property Account,Unclaimed,JACK COUNTY CSCO STALE,Revenue,,,25,0.0,0.0,0.0,0.0,2027 086-300-308 JACK COUNTY CSCO STALE 25.00 00.00 00 00
84,Verified,115,086-400-305,Unclaimed Property Account,Unclaimed Property Expenses,DISTRICT CLERK CLAIM,Expenditure,,,0,0.0,0.0,0.0,0.0,2027 086-400-305 DISTRICT CLERK CLAIM 00 00.00 00 7)
85,Verified,115,086-400-307,Unclaimed Property Account,Unclaimed Property Expenses,COUNTY TREASURER CLAIM,Expenditure,,,0,0.0,0.0,0.0,0.0,2027 086-400-307 COUNTY TREASURER CLAIM 00 00.00 00 7)
86,Verified,115,086-999-998,Unclaimed Property Account,Unclaimed Property Acct Tota,UNCLAIMED PROPERTY ACCT TOTA,Expenditure,,,0,0.0,0.0,0.0,0.0,2027 086-999-998 UNCLAIMED PROPERTY ACCT TOTA 00 00.00 00 i)
87,Verified,116,087-300-306,Extradition Account,Dept 300,REVENUE,Revenue,1500.0,,0,1320.0,0.0,0.0,3246.51,"2027 087-300-306 REVENUE 1,500.00 00 1,320.00 .00 003,246.51"
88,Verified,116,087-399-999,Extradition Account,Dept 399,TOTAL REVENUE,Revenue,1500.0,,0,1320.0,0.0,0.0,3246.51,"2027 087-399-999 TOTAL REVENUE 1,500.00 00 1,320.00 .00 003,246.51"
89,Verified,123,092-300-000,District & County Court Tech,District Court Tech Fund,DISTRICT COURT TECH FUND,Revenue,,,0,0.0,0.0,0.0,0.0,2027 092-300-000 DISTRICT COURT TECH FUND 09 00.00 00 00
90,Verified,124,092-403-000,District & County Court Tech,County Court Tech Fund E,COUNTY COURT TECH FUND E,Expenditure,,,0,0.0,0.0,0.0,0.0,2027 092-403-000 COUNTY COURT TECH FUND E 00 00.00 00 i)
91,Verified,124,092-403-206,District & County Court Tech,County Court Tech Fund E,COUNTY COURT TECH FUND E,Expenditure,,,750,0.0,0.0,739.66,0.0,2027 092-403-206 COUNTY COURT TECH FUND & 750.00 00.00 739.66 00
92,Verified,125,092-405-998,District & County Court Tech,District Court Tech Fund,EXPENDITURES,Expenditure,,,0,0.0,0.0,0.0,0.0,2027 092-405-998 EXPENDITURES 00 00.00 00 i)
93,Corrected,127,093-401-207,Probate Education Fund,Probate Education Fund,SCHOOL /CONFERENCE,Expenditure,1000.0,,1000,0.0,0.0,0.0,727.75,"2027 093-401-207 SCHOOL /CONFERENCE 1,000.00 1,000.00 00.00 00 721.75"
94,Corrected,127,093-401-998,Probate Education Fund,Probate Education Fund,PROBATE EDUCATION EXPENDITUR,Expenditure,1000.0,,1000,0.0,0.0,0.0,727.75,"2027 093-401-998 PROBATE EDUCATION EXPENDITUR 1,000.00 1,000.00 00.00 00 721.75"
95,Verified,127,093-999-999,Probate Education Fund,Probate Education Expenditur,TOTAL EXPENDITURES,Expenditure,1000.0,,1000,0.0,0.0,0.0,727.75,"2027 093-999-999 TOTAL EXPENDITURES 1,000.00 1,000.00 00.00 00 221.78"
96,Verified,128,094-399-999,Records Management Fund,Dept 399,ACTUAL REVENUE,Revenue,3850.0,,3750,5302.47,141.4,6383.16,4871.47,"2027 094-399-999 ACTUAL REVENUE 3.850.00 3,750.00 §.302.47 141.40 6,383.16 4,871.47"
97,Verified,131,094-405-998,Records Management Fund,Dist. Clk Records Managem,EXPENDITURES TOTAL,Expenditure,,,0,0.0,0.0,0.0,0.0,2027 094-405-998 EXPENDITURES TOTAL 00 00.00 00 09
98,Verified,132,095-306-000,Courthouse Security,J.P. Courthouse Security,J.P. COURTHOUSE SECURITY,Revenue,200.0,,200,0.0,0.0,0.0,0.0,2027 095-306-000 J.P. COURTHOUSE SECURITY 200.00 200.00 00.00 00 00
99,Verified,133,095-400-207,Courthouse Security,Courthouse Security,SCHOOL /CONFERENCE,Expenditure,400.0,,400,0.0,0.0,410.0,0.0,2027 095-400-207 SCHOOL /CONFERENCE 400.00 400.00 00.00 410.00 00
100,Verified,133,095-400-998,Courthouse Security,Courthouse Security,EXPENDITURES,Expenditure,10400.0,,10400,5056.17,48.62,2785.56,9868.56,"2027 095-400-998 EXPENDITURES 10,400.00 10,400.00 §.056.17 48.62 2,785.56 9,868.56"
101,Verified,137,096-300-000,Justice Court Tech Fund,Justice Court Tech. Fund,JUSTICE COURT TECH. FUND,Revenue,,,0,0.0,0.0,0.0,0.0,2027 096-300-000 JUSTICE COURT TECH. FUND 09 00.00 00 00
102,Verified,139,097-300-000,Jack County Jail,Jack County Jail,JACK COUNTY JAIL INCOME,Revenue,,,0,0.0,0.0,0.0,0.0,2027 097-300-000 JACK COUNTY JAIL INCOME 00 00.00 00 1)
103,Verified,139,097-300-100,Jack County Jail,Jack County Jail,CERTIFICATES OF OBLIGATION,Revenue,,,0,0.0,0.0,0.0,0.0,2027 097-300-100 CERTIFICATES OF OBLIGATION 00 00.00 09 00
104,Verified,140,097-570-801,Jack County Jail,Jack County Jail Expense,"FURNITURE/FIXTURES,",Expenditure,,,0,0.0,0.0,0.0,0.0,"2027 097-570-801 FURNITURE/FIXTURES, 00 00.00 00 1)"
105,Verified,141,099-303-107,State Fines / Fees,County Clerk Fees,ON SITE SEWAGE FACILITY (TCE,Revenue,400.0,,400,0.0,0.0,370.0,10.0,2027 099-303-107 ON SITE SEWAGE FACILITY (TCE 400.00 400.00 00.00 370.00 10.00-
106,Verified,141,099-303-109,State Fines / Fees,County Clerk Fees,NON-SUSPENSION FINE,Revenue,,,0,0.0,0.0,0.0,100.0,2027 099-303-109 NON-SUSPENSION FINE 00 00.00 00 100.00
107,Verified,141,099-303-115,State Fines / Fees,County Clerk Fees,STATE TRAFFIC FEES,Revenue,,,0,0.0,0.0,0.0,0.0,2027 099-303-115 STATE TRAFFIC FEES 00 00.00 00 1)
108,Corrected,141,099-303-121,State Fines / Fees,County Clerk Fees,TIME PAYMENT PLAN (TP),Revenue,,,0,114.45,0.0,0.0,46.11,2027 099-303-121 TIME PAYMENT PLAN (TP) ) 14.45.00 00 46.11
109,Verified,141,099-303-123,State Fines / Fees,County Clerk Fees,JUDICIAL SUPPORT FEE (JS),Revenue,,,0,0.0,0.0,0.0,0.0,2027 099-303-123 JUDICIAL SUPPORT FEE (JS) 09 00.00 00 00
110,Verified,141,099-303-125,State Fines / Fees,County Clerk Fees,CRIMINAL E-FILE,Revenue,,,0,0.0,0.0,0.0,0.0,2027 099-303-125 CRIMINAL E-FILE 7) 00.00 00 00
111,Verified,141,099-303-151,State Fines / Fees,County Clerk Fees,BIRTH CERTIFICATE,Revenue,600.0,,500,570.6,114.12,511.2,441.0,2027 099-303-151 BIRTH CERTIFICATE 600.00 500.00 $70.60 114.12 511.20 441.00
112,Verified,141,099-303-154,State Fines / Fees,County Clerk Fees,NON-DISCLOSURE FEE,Revenue,,,50,0.0,0.0,0.0,0.0,2027 099-303-154 NON-DISCLOSURE FEE 50.00 00.00 00 00
113,Verified,141,099-303-159,State Fines / Fees,County Clerk Fees,INDIGENT LEGAL SERVICES (,Revenue,,,250,0.0,0.0,0.0,0.0,2027 099-303-159 INDIGENT LEGAL SERVICES ¢ 250.00 00.00 00 00
114,Verified,141,099-303-160,State Fines / Fees,County Clerk Fees,JUDICIAL FUND (JF),Revenue,,,500,0.0,0.0,0.0,0.0,2027 099-303-160 JUDICIAL FUND (JF) 500.00 00.00 00 00
115,Verified,141,099-303-164,State Fines / Fees,County Clerk Fees,JUDICIAL SUPPORT FEE (JSF,Revenue,,,500,0.0,0.0,0.0,0.0,2027 099-303-164 JUDICIAL SUPPORT FEE (JSF 500.00 00.00 00 00
116,Verified,141,099-303-165,State Fines / Fees,County Clerk Fees,CIVIL E-FILE,Revenue,,,500,0.0,0.0,0.0,0.0,2027 099-303-165 CIVIL E-FILE 500.00 00.00 00 00
117,Verified,141,099-303-167,State Fines / Fees,County Clerk Fees,PERSONNEL TRAINING FEE,Revenue,,,300,0.0,0.0,0.0,0.0,2027 099-303-167 PERSONNEL TRAINING FEE 300.00 00.00 00 00
118,Verified,141,099-303-191,State Fines / Fees,County Clerk Fees,SPECIALTY COURT FEE,Revenue,,,250,0.0,0.0,0.0,0.0,2027 099-303-191 SPECIALTY COURT FEE 250.00 00.00 00 00
119,Verified,141,099-305-102,State Fines / Fees,District Clerk Fees,STATE CONSOLIDATE CV FEE (NE,Revenue,6500.0,,3000,6714.3,223.81,3037.16,7441.0,"2027 099-305-102 STATE CONSOLIDATE CV FEE (NE 6,500.00 3,000.00 6,714.30 223.81 3.037.157.4410"
120,Verified,141,099-305-108,State Fines / Fees,District Clerk Fees,DNA CS,Revenue,50.0,,100,0.0,0.0,0.0,35.48,2027 099-305-108 DNA CS 50.00 100.00 00.00 00 35.48
121,Verified,141,099-305-110,State Fines / Fees,District Clerk Fees,EMS TRAUMA FUND,Revenue,50.0,,200,0.0,0.0,105.55,182.65,2027 099-305-110 EMS TRAUMA FUND 50.00 200.00 00.00 105.55 182.65
122,Verified,141,099-305-112,State Fines / Fees,District Clerk Fees,JURY REINBURSEMENT (JRF),Revenue,5.0,,0,6.29,0.0,0.18,0.0,2027 099-305-112 JURY REINBURSEMENT (JRF) 5.00 00 6.29.00 18 00
123,Verified,141,099-305-123,State Fines / Fees,District Clerk Fees,JUDICIAL SUPPORT FEE (JS),Revenue,,,10,0.0,0.0,0.0,43.01,2027 099-305-123 JUDICIAL SUPPORT FEE (JS) 10.00 00.00 00 43.01
124,Verified,141,099-305-125,State Fines / Fees,District Clerk Fees,CRIMINAL E-FILE,Revenue,,,20,0.0,0.0,5.0,4.79,2027 099-305-125 CRIMINAL E-FILE 20.00 00.00 5.00 4.79
125,Verified,141,099-305-161,State Fines / Fees,District Clerk Fees,DIVORCE & FAMILY LAW,Revenue,,,50,0.0,0.0,0.0,0.0,2027 099-305-161 DIVORCE & FAMILY LAW 50.00 00.00 00 00
126,Verified,141,099-305-163,State Fines / Fees,District Clerk Fees,INDIGENT LEGAL SERVICES (,Revenue,25.0,,100,17.71,17.71,70.0,50.0,2027 099-305-163 INDIGENT LEGAL SERVICES ( 25.00 100.00 wa wn 70.00 50.00
127,Corrected,141,099-305-113,State Fines / Fees,District Clerk Fees,INDIGENT DEFENSE FUND (ID,Revenue,,,10,0.0,0.0,0.0,2.01,2027 099-308-113 INDIGENT DEFENSE FUND (ID 10.00 00.00 00 2.01
128,Verified,142,099-305-904,State Fines / Fees,District Clerk Fees,JURY TRIAL FEE (2020),Revenue,10.0,,10,0.0,0.0,0.75,4.0,2027 099-305-904 JURY TRIAL FEE (2020) 10.00 10.00 00.00 75 4.00
129,Verified,142,099-306-000,State Fines / Fees,J.P. Fees,J.P. FEES,Revenue,,,0,0.0,0.0,0.0,0.0,2027 099-306-000 J.P. FEES 00 00.00 00 1)
130,Verified,142,099-306-103,State Fines / Fees,J.P. Fees,STATE CCC 01-01-2020,Revenue,125000.0,,35000,122362.36,349.61,96693.15,37398.88,"2027 099-306-103 STATE CCC 01-01-2020 125,000.00 35,000.00 122,362.36 349.61 96,693.15 37,398.88"
131,Verified,142,099-306-114,State Fines / Fees,J.P. Fees,MOVING VIOLATIONS FEE (MV,Revenue,50.0,,50,0.78,1.56,1.96,2.64,2027 099-306-114 MOVING VIOLATIONS FEE (HV 50.00 50.00 78 1.56 1.96 2.64
132,Verified,142,099-306-120,State Fines / Fees,J.P. Fees,MOTOR CARRIER WEIGHT (CVE,Revenue,100.0,,1500,0.0,0.0,1.0,1208.5,"2027 099-306-120 MOTOR CARRIER WEIGHT (CVE 100.00 1,500.00 00.00 1.00 1,208.50"
133,Verified,142,099-306-121,State Fines / Fees,J.P. Fees,TIME PAYMENT PLAN (TP),Revenue,50.0,,500,9.53,1.91,119.21,100.0,2027 099-306-121 TIME PAYMENT PLAN (TP) 50.00 500.00 953 1.91 119.21 100.00
134,Verified,142,099-306-122,State Fines / Fees,J.P. Fees,FUGITIVE APPREHENSION,Revenue,10.0,,100,0.0,0.0,10.0,0.0,2027 099-306-122 FUGITIVE APPREHENSION 10.00 100.00 00.00 10.00 00
135,Verified,142,099-306-165,State Fines / Fees,J.P. Fees,CIVIL £-FILE,Revenue,,,100,0.0,0.0,0.0,0.0,2027 099-306-165 CIVIL £-FILE 100.00 00.00 00 00
136,Verified,142,099-306-167,State Fines / Fees,J.P. Fees,PERSONNEL TRAINING FEE,Revenue,,,100,0.0,0.0,4.0,0.0,2027 099-306-167 PERSONNEL TRAINING FEE 100.00 00.00 4.00 00
137,Verified,142,099-306-194,State Fines / Fees,J.P. Fees,COMPENSATION TO CRIME VICTIM,Revenue,,,50,0.0,0.0,30.0,0.0,2027 099-306-194 COMPENSATION TO CRIME VICTIM 50.00 00.00 30.00 00
138,Corrected,143,099-400-454,State Fines / Fees,State Fines & Fees,CHILD SAFETY SEAT,Expenditure,100.0,,200,0.0,0.0,291.95,60.0,2027 099-400-454 CHILO SAFETY SEAT 100.00 200.00 00.00 291.95 60.00-
139,Corrected,144,099-406-489,State Fines / Fees,Justice Of The Peace Exp,COLLECTION FEES,Expenditure,8500.0,,8500,7879.33,92.7,7134.43,7170.37,"2027 099-405-489 COLLECTION FEES 8,500.00 8,500.00 7.879.338 92.70 7,134.43 7,170.37"
140,Corrected,144,099-406-998,State Fines / Fees,Justice Of The Peace Exp,EXPENDITURES,Expenditure,8500.0,,8500,7879.33,92.7,7134.43,7170.37,"2027 099-406-998 EXPENDITURES 8,500.00 8,500.00 7.879.338 92.70 7,134.43 7,170.37"